index,argument_rad,xx_arcsec,contribution_arcsec,partial_sum_arcsec
1,4.539260219449968048,0.000040000000000000,-0.000039402024505457,-0.000039402024505457
2,6.894816117715767412,0.000820000000000000,0.000470846778446009,0.000431444753940552
3,9.250372015981566776,0.000040000000000000,0.000006940924998939,0.000438385678939491
