family,contribution,partial_sum
ELP1,-6408.447477964470635925,-6408.447477964470635925
ELP4,-1.314708090575936295,-6409.762186055046186084
ELP7,0.000575433851509927,-6409.761610621194449777
ELP10,-13.016188817589581461,-6422.777799438784313679
ELP13,-0.094132350421348682,-6422.871931789205518726
ELP16,-0.471123806177560001,-6423.343055595382793399
ELP19,-0.480785385930681652,-6423.823840981313878729
ELP22,-0.000875968973312283,-6423.824716950287438522
