index,argument,xx,contribution,partial_sum
1,8331.046982853820736636,0.000580000000000000,-0.000255791400180301,-0.000255791400180301
2,16662.093965707641473273,0.000040000000000000,-0.000031665121113304,-0.000287456521293605
3,-1108.942738602070676279,0.000020000000000000,-0.000000789157382654,-0.000288245678676259
4,7222.104244251750060357,0.000210000000000000,0.000085105202302216,-0.000203140476374043
5,15553.151227105570796994,0.000090000000000000,0.000069021238171679,-0.000134119238202364
6,23884.198209959391533630,0.000010000000000000,0.000009713234629636,-0.000124406003572728
